epoch,loss,sparse_categorical_accuracy,val_loss,val_sparse_categorical_accuracy
0,4.839420795440674,0.15000000596046448,15.606740951538086,0.25
1,2.6989855766296387,0.20000000298023224,14.390530586242676,0.25
